<?xml version="1.0" encoding="UTF-8"?>
<project-private xmlns="http://www.netbeans.org/ns/project-private/1">
    <editor-bookmarks xmlns="http://www.netbeans.org/ns/editor-bookmarks/2" lastBookmarkId="0"/>
    <open-files xmlns="http://www.netbeans.org/ns/projectui-open-files/2">
        <group>
            <file>file:/D:/Users/Stephen/Documents/NetBeansProjects/kOS_Processor_new/src/kos_processor_new/KOS_Processor_new.java</file>
            <file>file:/D:/Users/Stephen/Documents/NetBeansProjects/kOS_Processor_new/src/Lambert/LambertOptimizer.java</file>
            <file>file:/D:/Users/Stephen/Documents/NetBeansProjects/kOS_Processor_new/src/Lambert/LambertSolver.java</file>
            <file>file:/D:/Users/Stephen/Documents/NetBeansProjects/kOS_Processor_new/src/Objects/Body.java</file>
        </group>
    </open-files>
</project-private>
